val_loss,val_rank_loss,val_ce_loss,val_kl_loss,val_reg_loss,val_dist_loss,val_mae_exp_metric,val_mae_max_metric,epoch,step,train_loss_epoch,train_rank_loss_epoch,train_ce_loss_epoch,train_kl_loss_epoch,train_reg_loss_epoch,train_dist_loss_epoch,train_mae_exp_metric_epoch,train_mae_max_metric_epoch,train_loss_step,train_rank_loss_step,train_ce_loss_step,train_kl_loss_step,train_reg_loss_step,train_dist_loss_step,train_mae_exp_metric_step,train_mae_max_metric_step,test_loss,test_rank_loss,test_ce_loss,test_kl_loss,test_reg_loss,test_dist_loss,test_mae_exp_metric,test_mae_max_metric
24.2637996673584,0.0,6.318138122558594,5.722854137420654,12.222807884216309,0.0,12.222807884216309,12.222807884216309,0,41,,,,,,,,,,,,,,,,,,,,,,,,
,,,,,,,,1,41,29.205555921509152,0.0,3.557790756225586,3.488272190093994,22.159494400024414,0.0,22.159494400024414,22.159494400024414,,,,,,,,,,,,,,,,
,,,,,,,,1,49,,,,,,,,,33.5079231262207,0.0,10.87890625,9.825282096862793,12.803733825683594,0.0,12.803733825683594,12.803733825683594,,,,,,,,
19.370361328125,0.0,3.0066497325897217,4.269166469573975,12.094544410705566,0.0,12.094544410705566,12.094544410705566,1,83,,,,,,,,,,,,,,,,,,,,,,,,
,,,,,,,,2,83,31.228159495762416,0.0,4.474611759185791,4.981114864349365,21.772432327270508,0.0,21.772432327270508,21.772432327270508,,,,,,,,,,,,,,,,
,,,,,,,,2,99,,,,,,,,,17.891197204589844,0.0,1.44091796875,4.862844944000244,11.587434768676758,0.0,11.587434768676758,11.587434768676758,,,,,,,,
19.664575576782227,0.0,3.272991895675659,4.783731937408447,11.6078519821167,0.0,11.6078519821167,11.6078519821167,2,125,,,,,,,,,,,,,,,,,,,,,,,,
,,,,,,,,3,125,26.099894489560807,0.0,2.4443302154541016,3.372842788696289,20.282718658447266,0.0,20.282718658447266,20.282718658447266,,,,,,,,,,,,,,,,
,,,,,,,,3,149,,,,,,,,,10.27248764038086,0.0,0.9384765625,3.352813482284546,5.981197357177734,0.0,5.981197357177734,5.981197357177734,,,,,,,,
19.541067123413086,0.0,3.3003764152526855,5.199640274047852,11.041051864624023,0.0,11.041051864624023,11.041051864624023,3,167,,,,,,,,,,,,,,,,,,,,,,,,
,,,,,,,,4,167,26.59474712326413,0.0,2.460846185684204,3.8906168937683105,20.243282318115234,0.0,20.243282318115234,20.243282318115234,,,,,,,,,,,,,,,,
,,,,,,,,4,199,,,,,,,,,30.12835121154785,0.0,1.5869140625,5.899892330169678,22.641544342041016,0.0,22.641544342041016,22.641544342041016,,,,,,,,
16.186880111694336,0.0,2.206343173980713,2.59843111038208,11.38210678100586,0.0,11.38210678100586,11.38210678100586,4,209,,,,,,,,,,,,,,,,,,,,,,,,
,,,,,,,,5,209,26.14731464499519,0.0,2.353422164916992,3.735825777053833,20.058069229125977,0.0,20.058069229125977,20.058069229125977,,,,,,,,,,,,,,,,
,,,,,,,,5,249,,,,,,,,,36.787071228027344,0.0,1.455078125,9.076383590698242,26.255611419677734,0.0,26.255611419677734,26.255611419677734,,,,,,,,
18.102346420288086,0.0,2.234269618988037,4.231786251068115,11.636290550231934,0.0,11.636290550231934,11.636290550231934,5,251,,,,,,,,,,,,,,,,,,,,,,,,
,,,,,,,,6,251,27.484213420322963,0.0,2.367419958114624,3.916419267654419,21.200374603271484,0.0,21.200374603271484,21.200374603271484,,,,,,,,,,,,,,,,
17.715051651000977,0.0,1.960382103919983,4.397173881530762,11.357497215270996,0.0,11.357497215270996,11.357497215270996,6,293,,,,,,,,,,,,,,,,,,,,,,,,
,,,,,,,,7,293,25.532756033397856,0.0,1.8272937536239624,2.5719196796417236,21.133541107177734,0.0,21.133541107177734,21.133541107177734,,,,,,,,,,,,,,,,
,,,,,,,,7,299,,,,,,,,,8.563894271850586,0.0,1.69091796875,0.8873422741889954,5.985633850097656,0.0,5.985633850097656,5.985633850097656,,,,,,,,
17.014175415039062,0.0,1.817041277885437,3.7500057220458984,11.447127342224121,0.0,11.447127342224121,11.447127342224121,7,335,,,,,,,,,,,,,,,,,,,,,,,,
,,,,,,,,8,335,28.050464039757138,0.0,2.090552806854248,4.856058597564697,21.10385513305664,0.0,21.10385513305664,21.10385513305664,,,,,,,,,,,,,,,,
,,,,,,,,8,349,,,,,,,,,38.10124969482422,0.0,2.19921875,0.007196784019470215,35.894832611083984,0.0,35.894832611083984,35.894832611083984,,,,,,,,
16.779939651489258,0.0,2.0206096172332764,3.172776699066162,11.586552619934082,0.0,11.586552619934082,11.586552619934082,8,377,,,,,,,,,,,,,,,,,,,,,,,,
,,,,,,,,9,377,25.144724675587245,0.0,1.819934606552124,3.1376280784606934,20.187164306640625,0.0,20.187164306640625,20.187164306640625,,,,,,,,,,,,,,,,
,,,,,,,,9,399,,,,,,,,,8.858030319213867,0.0,0.9830322265625,0.31533288955688477,7.559665679931641,0.0,7.559665679931641,7.559665679931641,,,,,,,,
16.806594848632812,0.0,2.796046733856201,2.2510316371917725,11.759516716003418,0.0,11.759516716003418,11.759516716003418,9,419,,,,,,,,,,,,,,,,,,,,,,,,
,,,,,,,,10,419,23.81269407272339,0.0,1.8210115432739258,2.266378164291382,19.725303649902344,0.0,19.725303649902344,19.725303649902344,,,,,,,,,,,,,,,,
,,,,,,,,10,449,,,,,,,,,13.296706199645996,0.0,1.44091796875,2.187941551208496,9.6678466796875,0.0,9.6678466796875,9.6678466796875,,,,,,,,
15.176252365112305,0.0,1.9263042211532593,1.6389825344085693,11.610965728759766,0.0,11.610965728759766,11.610965728759766,10,461,,,,,,,,,,,,,,,,,,,,,,,,
,,,,,,,,11,461,24.94733224596296,0.0,2.079352617263794,2.0536701679229736,20.814306259155273,0.0,20.814306259155273,20.814306259155273,,,,,,,,,,,,,,,,
,,,,,,,,11,499,,,,,,,,,26.906478881835938,0.0,2.7890625,2.4230892658233643,21.694326400756836,0.0,21.694326400756836,21.694326400756836,,,,,,,,
15.388399124145508,0.0,1.9256809949874878,1.8707275390625,11.59199047088623,0.0,11.59199047088623,11.59199047088623,11,503,,,,,,,,,,,,,,,,,,,,,,,,
,,,,,,,,12,503,23.084829483713424,0.0,1.9194974899291992,1.4837251901626587,19.68160629272461,0.0,19.68160629272461,19.68160629272461,,,,,,,,,,,,,,,,
15.828104972839355,0.0,1.8630335330963135,2.178492784500122,11.786578178405762,0.0,11.786578178405762,11.786578178405762,12,545,,,,,,,,,,,,,,,,,,,,,,,,
,,,,,,,,13,545,24.700412897836593,0.0,1.7823079824447632,2.6768481731414795,20.241256713867188,0.0,20.241256713867188,20.241256713867188,,,,,,,,,,,,,,,,
,,,,,,,,13,549,,,,,,,,,27.051494598388672,0.0,1.86669921875,4.816948890686035,20.367847442626953,0.0,20.367847442626953,20.367847442626953,,,,,,,,
16.489788055419922,0.0,2.549412488937378,2.008561134338379,11.931815147399902,0.0,11.931815147399902,11.931815147399902,13,587,,,,,,,,,,,,,,,,,,,,,,,,
,,,,,,,,14,587,22.8205090817951,0.0,2.0186703205108643,1.840228796005249,18.961612701416016,0.0,18.961612701416016,18.961612701416016,,,,,,,,,,,,,,,,
,,,,,,,,14,599,,,,,,,,,35.965003967285156,0.0,6.779296875,5.771543025970459,23.414161682128906,0.0,23.414161682128906,23.414161682128906,,,,,,,,
13.522026062011719,0.0,1.603071689605713,1.4810404777526855,10.43791389465332,0.0,10.43791389465332,10.43791389465332,14,629,,,,,,,,,,,,,,,,,,,,,,,,
,,,,,,,,15,629,24.00588529450553,0.0,2.11614990234375,1.7803223133087158,20.10941505432129,0.0,20.10941505432129,20.10941505432129,,,,,,,,,,,,,,,,
,,,,,,,,15,649,,,,,,,,,25.32820701599121,0.0,1.97216796875,0.7057132720947266,22.650325775146484,0.0,22.650325775146484,22.650325775146484,,,,,,,,
13.352263450622559,0.0,1.652227759361267,1.7688448429107666,9.931190490722656,0.0,9.931190490722656,9.931190490722656,15,671,,,,,,,,,,,,,,,,,,,,,,,,
,,,,,,,,16,671,23.02455975895836,0.0,1.7415720224380493,1.490825891494751,19.79216194152832,0.0,19.79216194152832,19.79216194152832,,,,,,,,,,,,,,,,
,,,,,,,,16,699,,,,,,,,,14.275360107421875,0.0,1.566650390625,3.9782750606536865,8.73043441772461,0.0,8.73043441772461,8.73043441772461,,,,,,,,
14.24621868133545,0.0,1.9132131338119507,1.6843760013580322,10.648630142211914,0.0,10.648630142211914,10.648630142211914,16,713,,,,,,,,,,,,,,,,,,,,,,,,
,,,,,,,,17,713,21.881350835164387,0.0,1.9152803421020508,1.6437662839889526,18.32230567932129,0.0,18.32230567932129,18.32230567932129,,,,,,,,,,,,,,,,
,,,,,,,,17,749,,,,,,,,,28.588218688964844,0.0,1.8330078125,0.8456488847732544,25.909561157226562,0.0,25.909561157226562,25.909561157226562,,,,,,,,
17.28680419921875,0.0,2.533996343612671,1.5729036331176758,13.179903984069824,0.0,13.179903984069824,13.179903984069824,17,755,,,,,,,,,,,,,,,,,,,,,,,,
,,,,,,,,18,755,21.990835326058523,0.0,2.2813427448272705,1.742335319519043,17.967153549194336,0.0,17.967153549194336,17.967153549194336,,,,,,,,,,,,,,,,
16.487112045288086,0.0,1.6945589780807495,3.2296059131622314,11.562948226928711,0.0,11.562948226928711,11.562948226928711,18,797,,,,,,,,,,,,,,,,,,,,,,,,
,,,,,,,,19,797,25.987023637408303,0.0,1.9187331199645996,2.923212766647339,21.145076751708984,0.0,21.145076751708984,21.145076751708984,,,,,,,,,,,,,,,,
,,,,,,,,19,799,,,,,,,,,8.639999389648438,0.0,1.186279296875,1.6950017213821411,5.758718490600586,0.0,5.758718490600586,5.758718490600586,,,,,,,,
14.718843460083008,0.0,1.694553256034851,1.727339267730713,11.296951293945312,0.0,11.296951293945312,11.296951293945312,19,839,,,,,,,,,,,,,,,,,,,,,,,,
,,,,,,,,20,839,25.201084784099034,0.0,1.822521448135376,2.8560872077941895,20.522476196289062,0.0,20.522476196289062,20.522476196289062,,,,,,,,,,,,,,,,
,,,,,,,,20,849,,,,,,,,,22.00802230834961,0.0,1.074951171875,2.3671998977661133,18.56587028503418,0.0,18.56587028503418,18.56587028503418,,,,,,,,
15.905533790588379,0.0,2.155104637145996,1.4264663457870483,12.323963165283203,0.0,12.323963165283203,12.323963165283203,20,881,,,,,,,,,,,,,,,,,,,,,,,,
,,,,,,,,21,881,22.38155298005967,0.0,2.074477434158325,1.2793593406677246,19.02771759033203,0.0,19.02771759033203,19.02771759033203,,,,,,,,,,,,,,,,
,,,,,,,,21,899,,,,,,,,,35.15874099731445,0.0,2.19873046875,0.7999930381774902,32.16001892089844,0.0,32.16001892089844,32.16001892089844,,,,,,,,
11.474900245666504,0.0,1.5048588514328003,1.193257451057434,8.776784896850586,0.0,8.776784896850586,8.776784896850586,21,923,,,,,,,,,,,,,,,,,,,,,,,,
,,,,,,,,22,923,21.392922898133595,0.0,2.034162998199463,1.0749620199203491,18.283798217773438,0.0,18.283798217773438,18.283798217773438,,,,,,,,,,,,,,,,
,,,,,,,,22,949,,,,,,,,,15.610417366027832,0.0,0.9310302734375,0.679489016532898,13.999897956848145,0.0,13.999897956848145,13.999897956848145,,,,,,,,
16.380704879760742,0.0,2.31561279296875,1.7887831926345825,12.2763090133667,0.0,12.2763090133667,12.2763090133667,22,965,,,,,,,,,,,,,,,,,,,,,,,,
,,,,,,,,23,965,20.842022714160738,0.0,2.011518955230713,1.0237131118774414,17.806791305541992,0.0,17.806791305541992,17.806791305541992,,,,,,,,,,,,,,,,
,,,,,,,,23,999,,,,,,,,,7.750053405761719,0.0,1.200927734375,0.4662192463874817,6.082906723022461,0.0,6.082906723022461,6.082906723022461,,,,,,,,
17.455745697021484,0.0,2.3866052627563477,1.466294765472412,13.602846145629883,0.0,13.602846145629883,13.602846145629883,23,1007,,,,,,,,,,,,,,,,,,,,,,,,
,,,,,,,,24,1007,23.24358103388832,0.0,1.959094762802124,1.1780076026916504,20.10647964477539,0.0,20.10647964477539,20.10647964477539,,,,,,,,,,,,,,,,
,,,,,,,,24,1049,,,,,,,,,34.843265533447266,0.0,3.001953125,0.5949519872665405,31.246360778808594,0.0,31.246360778808594,31.246360778808594,,,,,,,,
20.48479652404785,0.0,3.982433319091797,1.3832875490188599,15.119073867797852,0.0,15.119073867797852,15.119073867797852,24,1049,,,,,,,,,,,,,,,,,,,,,,,,
,,,,,,,,25,1049,21.050138337271555,0.0,2.015624523162842,1.1356697082519531,17.898841857910156,0.0,17.898841857910156,17.898841857910156,,,,,,,,,,,,,,,,
12.969291687011719,0.0,1.7985217571258545,1.3908346891403198,9.779934883117676,0.0,9.779934883117676,9.779934883117676,25,1091,,,,,,,,,,,,,,,,,,,,,,,,
,,,,,,,,26,1091,21.43705259050642,0.0,2.109710693359375,1.1215654611587524,18.205774307250977,0.0,18.205774307250977,18.205774307250977,,,,,,,,,,,,,,,,
,,,,,,,,26,1099,,,,,,,,,21.447216033935547,0.0,1.1710205078125,1.9189913272857666,18.35720443725586,0.0,18.35720443725586,18.35720443725586,,,,,,,,
10.64282512664795,0.0,1.5086718797683716,1.0963568687438965,8.037796974182129,0.0,8.037796974182129,8.037796974182129,26,1133,,,,,,,,,,,,,,,,,,,,,,,,
,,,,,,,,27,1133,20.3116919256392,0.0,2.1033949851989746,0.8394196033477783,17.368879318237305,0.0,17.368879318237305,17.368879318237305,,,,,,,,,,,,,,,,
,,,,,,,,27,1149,,,,,,,,,12.543439865112305,0.0,1.855499267578125,0.6665748357772827,10.021366119384766,0.0,10.021366119384766,10.021366119384766,,,,,,,,
19.624588012695312,0.0,2.6188647747039795,0.6794554591178894,16.326269149780273,0.0,16.326269149780273,16.326269149780273,27,1175,,,,,,,,,,,,,,,,,,,,,,,,
,,,,,,,,28,1175,20.63019034408388,0.0,2.1285698413848877,1.0520117282867432,17.449607849121094,0.0,17.449607849121094,17.449607849121094,,,,,,,,,,,,,,,,
,,,,,,,,28,1199,,,,,,,,,14.776117324829102,0.0,1.98291015625,1.6659430265426636,11.127264022827148,0.0,11.127264022827148,11.127264022827148,,,,,,,,
12.559368133544922,0.0,1.644844651222229,1.1114506721496582,9.803072929382324,0.0,9.803072929382324,9.803072929382324,28,1217,,,,,,,,,,,,,,,,,,,,,,,,
,,,,,,,,29,1217,21.652597103800094,0.0,2.004091501235962,1.1767741441726685,18.471731185913086,0.0,18.471731185913086,18.471731185913086,,,,,,,,,,,,,,,,
,,,,,,,,29,1249,,,,,,,,,19.54685401916504,0.0,1.961578369140625,1.2151682376861572,16.370107650756836,0.0,16.370107650756836,16.370107650756836,,,,,,,,
11.30398941040039,0.0,1.5788559913635254,0.9955219030380249,8.72961139678955,0.0,8.72961139678955,8.72961139678955,29,1259,,,,,,,,,,,,,,,,,,,,,,,,
,,,,,,,,30,1259,19.56671709106082,0.0,2.125584602355957,1.3384402990341187,16.102691650390625,0.0,16.102691650390625,16.102691650390625,,,,,,,,,,,,,,,,
,,,,,,,,30,1299,,,,,,,,,23.195655822753906,0.0,3.64349365234375,2.283095359802246,17.269065856933594,0.0,17.269065856933594,17.269065856933594,,,,,,,,
12.229216575622559,0.0,1.8609914779663086,1.0715919733047485,9.296632766723633,0.0,9.296632766723633,9.296632766723633,30,1301,,,,,,,,,,,,,,,,,,,,,,,,
,,,,,,,,31,1301,20.70435453596569,0.0,2.0535888671875,1.1354358196258545,17.515329360961914,0.0,17.515329360961914,17.515329360961914,,,,,,,,,,,,,,,,
13.120596885681152,0.0,1.8053151369094849,0.961129367351532,10.35415267944336,0.0,10.35415267944336,10.35415267944336,31,1343,,,,,,,,,,,,,,,,,,,,,,,,
,,,,,,,,32,1343,19.1302870398476,0.0,2.030663013458252,0.7383791208267212,16.361244201660156,0.0,16.361244201660156,16.361244201660156,,,,,,,,,,,,,,,,
,,,,,,,,32,1349,,,,,,,,,2.784545421600342,0.0,1.15673828125,0.3505015969276428,1.2773056030273438,0.0,1.2773056030273438,1.2773056030273438,,,,,,,,
9.626337051391602,0.0,1.4565011262893677,0.7035432457923889,7.466294288635254,0.0,7.466294288635254,7.466294288635254,32,1385,,,,,,,,,,,,,,,,,,,,,,,,
,,,,,,,,33,1385,18.65816812004362,0.0,2.2112741470336914,0.8101356029510498,15.636754989624023,0.0,15.636754989624023,15.636754989624023,,,,,,,,,,,,,,,,
,,,,,,,,33,1399,,,,,,,,,14.4085693359375,0.0,1.86712646484375,0.7453013062477112,11.796141624450684,0.0,11.796141624450684,11.796141624450684,,,,,,,,
8.804323196411133,0.0,1.16375732421875,0.4516042172908783,7.188961982727051,0.0,7.188961982727051,7.188961982727051,33,1427,,,,,,,,,,,,,,,,,,,,,,,,
,,,,,,,,34,1427,17.637890043712797,0.0,2.2292165756225586,0.7924696803092957,14.616203308105469,0.0,14.616203308105469,14.616203308105469,,,,,,,,,,,,,,,,
,,,,,,,,34,1449,,,,,,,,,28.68999671936035,0.0,3.1845703125,0.6961092948913574,24.809316635131836,0.0,24.809316635131836,24.809316635131836,,,,,,,,
9.309378623962402,0.0,1.4343172311782837,0.43979498744010925,7.435266971588135,0.0,7.435266971588135,7.435266971588135,34,1469,,,,,,,,,,,,,,,,,,,,,,,,
,,,,,,,,35,1469,18.417544012977963,0.0,2.188349485397339,0.7075053453445435,15.521689414978027,0.0,15.521689414978027,15.521689414978027,,,,,,,,,,,,,,,,
,,,,,,,,35,1499,,,,,,,,,7.0962395668029785,0.0,0.31158447265625,0.04626306891441345,6.738391876220703,0.0,6.738391876220703,6.738391876220703,,,,,,,,
9.024892807006836,0.0,1.3586736917495728,0.4961855113506317,7.170034408569336,0.0,7.170034408569336,7.170034408569336,35,1511,,,,,,,,,,,,,,,,,,,,,,,,
,,,,,,,,36,1511,18.459126370293752,0.0,2.2459821701049805,0.740620493888855,15.472526550292969,0.0,15.472526550292969,15.472526550292969,,,,,,,,,,,,,,,,
,,,,,,,,36,1549,,,,,,,,,12.910172462463379,0.0,2.101806640625,2.2851226329803467,8.523242950439453,0.0,8.523242950439453,8.523242950439453,,,,,,,,
8.900372505187988,0.0,1.2670528888702393,0.46533510088920593,7.167984962463379,0.0,7.167984962463379,7.167984962463379,36,1553,,,,,,,,,,,,,,,,,,,,,,,,
,,,,,,,,37,1553,16.988544481141226,0.0,2.141688823699951,0.685241162776947,14.161616325378418,0.0,14.161616325378418,14.161616325378418,,,,,,,,,,,,,,,,
10.975919723510742,0.0,1.6897125244140625,1.0471383333206177,8.239068984985352,0.0,8.239068984985352,8.239068984985352,37,1595,,,,,,,,,,,,,,,,,,,,,,,,
,,,,,,,,38,1595,16.771232446034748,0.0,2.190286159515381,0.5133411884307861,14.067606925964355,0.0,14.067606925964355,14.067606925964355,,,,,,,,,,,,,,,,
,,,,,,,,38,1599,,,,,,,,,12.693429946899414,0.0,2.0556640625,0.4910508394241333,10.14671516418457,0.0,10.14671516418457,10.14671516418457,,,,,,,,
9.016353607177734,0.0,1.5266852378845215,0.6858925223350525,6.803775787353516,0.0,6.803775787353516,6.803775787353516,38,1637,,,,,,,,,,,,,,,,,,,,,,,,
,,,,,,,,39,1637,16.61613593498866,0.0,1.979657530784607,0.6057838797569275,14.030695915222168,0.0,14.030695915222168,14.030695915222168,,,,,,,,,,,,,,,,
,,,,,,,,39,1649,,,,,,,,,3.7991414070129395,0.0,1.2901535034179688,0.1512666791677475,2.3577213287353516,0.0,2.3577213287353516,2.3577213287353516,,,,,,,,
9.273539543151855,0.0,1.2994450330734253,0.6545076370239258,7.319586753845215,0.0,7.319586753845215,7.319586753845215,39,1679,,,,,,,,,,,,,,,,,,,,,,,,
,,,,,,,,40,1679,16.889659779412405,0.0,2.3762598037719727,0.7400510907173157,13.773348808288574,0.0,13.773348808288574,13.773348808288574,,,,,,,,,,,,,,,,
,,,,,,,,40,1699,,,,,,,,,10.426176071166992,0.0,1.608123779296875,0.7212415933609009,8.096810340881348,0.0,8.096810340881348,8.096810340881348,,,,,,,,
9.346667289733887,0.0,1.610007405281067,0.66134113073349,7.075319290161133,0.0,7.075319290161133,7.075319290161133,40,1721,,,,,,,,,,,,,,,,,,,,,,,,
,,,,,,,,41,1721,17.082803652400063,0.0,2.237037181854248,0.6762490272521973,14.169517517089844,0.0,14.169517517089844,14.169517517089844,,,,,,,,,,,,,,,,
,,,,,,,,41,1749,,,,,,,,,17.385391235351562,0.0,1.62957763671875,0.023145444691181183,15.732667922973633,0.0,15.732667922973633,15.732667922973633,,,,,,,,
8.769885063171387,0.0,1.3034201860427856,0.620606541633606,6.845858097076416,0.0,6.845858097076416,6.845858097076416,41,1763,,,,,,,,,,,,,,,,,,,,,,,,
,,,,,,,,42,1763,16.235548592749097,0.0,1.8785535097122192,0.500896692276001,13.856098175048828,0.0,13.856098175048828,13.856098175048828,,,,,,,,,,,,,,,,
,,,,,,,,42,1799,,,,,,,,,9.66466999053955,0.0,1.558197021484375,0.6948334574699402,7.411639213562012,0.0,7.411639213562012,7.411639213562012,,,,,,,,
9.824994087219238,0.0,1.562501072883606,0.8208886981010437,7.441605091094971,0.0,7.441605091094971,7.441605091094971,42,1805,,,,,,,,,,,,,,,,,,,,,,,,
,,,,,,,,43,1805,16.023636464561736,0.0,2.2345683574676514,0.4785185754299164,13.310551643371582,0.0,13.310551643371582,13.310551643371582,,,,,,,,,,,,,,,,
10.617313385009766,0.0,1.6621111631393433,1.0487654209136963,7.906437397003174,0.0,7.906437397003174,7.906437397003174,43,1847,,,,,,,,,,,,,,,,,,,,,,,,
,,,,,,,,44,1847,16.478039525804064,0.0,2.128781795501709,0.45721766352653503,13.892040252685547,0.0,13.892040252685547,13.892040252685547,,,,,,,,,,,,,,,,
,,,,,,,,44,1849,,,,,,,,,13.043045043945312,0.0,1.311767578125,0.4791445732116699,11.252132415771484,0.0,11.252132415771484,11.252132415771484,,,,,,,,
10.264444351196289,0.0,1.6213867664337158,1.5356537103652954,7.1074042320251465,0.0,7.1074042320251465,7.1074042320251465,44,1889,,,,,,,,,,,,,,,,,,,,,,,,
,,,,,,,,45,1889,15.628701249758402,0.0,2.1106655597686768,0.4792248010635376,13.038809776306152,0.0,13.038809776306152,13.038809776306152,,,,,,,,,,,,,,,,
,,,,,,,,45,1899,,,,,,,,,16.496658325195312,0.0,1.7493896484375,1.0663567781448364,13.680912017822266,0.0,13.680912017822266,13.680912017822266,,,,,,,,
9.825994491577148,0.0,1.467929482460022,0.7384017109870911,7.619664192199707,0.0,7.619664192199707,7.619664192199707,45,1931,,,,,,,,,,,,,,,,,,,,,,,,
,,,,,,,,46,1931,16.079002786250342,0.0,2.149601697921753,0.9791241884231567,12.950276374816895,0.0,12.950276374816895,12.950276374816895,,,,,,,,,,,,,,,,
,,,,,,,,46,1949,,,,,,,,,10.60501766204834,0.0,1.747833251953125,0.04136168956756592,8.81582260131836,0.0,8.81582260131836,8.81582260131836,,,,,,,,
9.103951454162598,0.0,1.3438053131103516,0.8511251211166382,6.90902042388916,0.0,6.90902042388916,6.90902042388916,46,1973,,,,,,,,,,,,,,,,,,,,,,,,
,,,,,,,,47,1973,15.654753117334275,0.0,2.039597988128662,0.5950702428817749,13.020086288452148,0.0,13.020086288452148,13.020086288452148,,,,,,,,,,,,,,,,
,,,,,,,,47,1999,,,,,,,,,9.219557762145996,0.0,1.5743560791015625,0.07929530739784241,7.565906524658203,0.0,7.565906524658203,7.565906524658203,,,,,,,,
9.609006881713867,0.0,1.4664030075073242,0.682004988193512,7.460598945617676,0.0,7.460598945617676,7.460598945617676,47,2015,,,,,,,,,,,,,,,,,,,,,,,,
,,,,,,,,48,2015,14.811249332768577,0.0,2.117493152618408,0.5777686238288879,12.115987777709961,0.0,12.115987777709961,12.115987777709961,,,,,,,,,,,,,,,,
,,,,,,,,48,2049,,,,,,,,,12.415586471557617,0.0,1.5140380859375,0.849819540977478,10.051729202270508,0.0,10.051729202270508,10.051729202270508,,,,,,,,
10.941277503967285,0.0,2.388624668121338,1.1189531087875366,7.433699607849121,0.0,7.433699607849121,7.433699607849121,48,2057,,,,,,,,,,,,,,,,,,,,,,,,
,,,,,,,,49,2057,14.952697907175336,0.0,2.017810344696045,0.3619801998138428,12.572906494140625,0.0,12.572906494140625,12.572906494140625,,,,,,,,,,,,,,,,
,,,,,,,,49,2099,,,,,,,,,7.966115474700928,0.0,1.25634765625,0.3521629273891449,6.35760498046875,0.0,6.35760498046875,6.35760498046875,,,,,,,,
11.692893981933594,0.0,1.789015293121338,0.9130470156669617,8.990832328796387,0.0,8.990832328796387,8.990832328796387,49,2099,,,,,,,,,,,,,,,,,,,,,,,,
,,,,,,,,50,2099,15.665637954359962,0.0,2.26419734954834,0.47344788908958435,12.92799186706543,0.0,12.92799186706543,12.92799186706543,,,,,,,,,,,,,,,,
9.47471809387207,0.0,1.593422532081604,0.7093966007232666,7.17189884185791,0.0,7.17189884185791,7.17189884185791,50,2141,,,,,,,,,,,,,,,,,,,,,,,,
,,,,,,,,51,2141,15.595627776214055,0.0,2.0385076999664307,0.5234796404838562,13.033638954162598,0.0,13.033638954162598,13.033638954162598,,,,,,,,,,,,,,,,
,,,,,,,,51,2149,,,,,,,,,21.485347747802734,0.0,2.6884765625,0.07696843147277832,18.71990203857422,0.0,18.71990203857422,18.71990203857422,,,,,,,,
9.612905502319336,0.0,1.6373497247695923,0.8442995548248291,7.131256580352783,0.0,7.131256580352783,7.131256580352783,51,2183,,,,,,,,,,,,,,,,,,,,,,,,
,,,,,,,,52,2183,14.886654811246055,0.0,1.9622799158096313,0.7135255932807922,12.210848808288574,0.0,12.210848808288574,12.210848808288574,,,,,,,,,,,,,,,,
,,,,,,,,52,2199,,,,,,,,,13.695718765258789,0.0,1.81976318359375,0.6807176470756531,11.19523811340332,0.0,11.19523811340332,11.19523811340332,,,,,,,,
9.940465927124023,0.0,1.5985029935836792,0.8748943209648132,7.467068672180176,0.0,7.467068672180176,7.467068672180176,52,2225,,,,,,,,,,,,,,,,,,,,,,,,
,,,,,,,,53,2225,14.320301720074244,0.0,1.9281901121139526,0.42037340998649597,11.971736907958984,0.0,11.971736907958984,11.971736907958984,,,,,,,,,,,,,,,,
,,,,,,,,53,2249,,,,,,,,,21.427175521850586,0.0,1.7956695556640625,0.656564474105835,18.97494125366211,0.0,18.97494125366211,18.97494125366211,,,,,,,,
11.094497680664062,0.0,2.283053398132324,0.984981119632721,7.826463222503662,0.0,7.826463222503662,7.826463222503662,53,2267,,,,,,,,,,,,,,,,,,,,,,,,
,,,,,,,,54,2267,14.748146477199736,0.0,1.8370805978775024,0.4442020654678345,12.466863632202148,0.0,12.466863632202148,12.466863632202148,,,,,,,,,,,,,,,,
,,,,,,,,54,2299,,,,,,,,,15.05891227722168,0.0,2.15985107421875,0.34849852323532104,12.550562858581543,0.0,12.550562858581543,12.550562858581543,,,,,,,,
10.153275489807129,0.0,1.734701156616211,1.0010223388671875,7.417552471160889,0.0,7.417552471160889,7.417552471160889,54,2309,,,,,,,,,,,,,,,,,,,,,,,,
,,,,,,,,55,2309,14.89759539990198,0.0,2.139047145843506,0.3815932869911194,12.37695598602295,0.0,12.37695598602295,12.37695598602295,,,,,,,,,,,,,,,,
,,,,,,,,55,2349,,,,,,,,,20.507144927978516,0.0,2.107421875,0.048642173409461975,18.35108184814453,0.0,18.35108184814453,18.35108184814453,,,,,,,,
9.607378959655762,0.0,1.4924160242080688,0.8529725074768066,7.261990547180176,0.0,7.261990547180176,7.261990547180176,55,2351,,,,,,,,,,,,,,,,,,,,,,,,
,,,,,,,,56,2351,16.83632227352687,0.0,2.188856840133667,0.5014437437057495,14.146018981933594,0.0,14.146018981933594,14.146018981933594,,,,,,,,,,,,,,,,
10.294172286987305,0.0,1.8201721906661987,1.0322721004486084,7.441728591918945,0.0,7.441728591918945,7.441728591918945,56,2393,,,,,,,,,,,,,,,,,,,,,,,,
,,,,,,,,57,2393,14.971180183546883,0.0,1.8558390140533447,0.48279112577438354,12.632552146911621,0.0,12.632552146911621,12.632552146911621,,,,,,,,,,,,,,,,
,,,,,,,,57,2399,,,,,,,,,8.362958908081055,0.0,1.43341064453125,0.5523340702056885,6.377214431762695,0.0,6.377214431762695,6.377214431762695,,,,,,,,
10.223477363586426,0.0,1.9178833961486816,1.1524477005004883,7.153146266937256,0.0,7.153146266937256,7.153146266937256,57,2435,,,,,,,,,,,,,,,,,,,,,,,,
,,,,,,,,58,2435,14.621097519284202,0.0,1.9670077562332153,0.37187743186950684,12.28221321105957,0.0,12.28221321105957,12.28221321105957,,,,,,,,,,,,,,,,
,,,,,,,,58,2449,,,,,,,,,31.073518753051758,0.0,3.33203125,0.10193511843681335,27.63955307006836,0.0,27.63955307006836,27.63955307006836,,,,,,,,
11.192831993103027,0.0,1.8999898433685303,1.1709277629852295,8.12191390991211,0.0,8.12191390991211,8.12191390991211,58,2477,,,,,,,,,,,,,,,,,,,,,,,,
,,,,,,,,59,2477,14.724318475950332,0.0,1.9558583498001099,0.3795800805091858,12.388879776000977,0.0,12.388879776000977,12.388879776000977,,,,,,,,,,,,,,,,
,,,,,,,,59,2499,,,,,,,,,25.761207580566406,0.0,2.43603515625,0.37596964836120605,22.949203491210938,0.0,22.949203491210938,22.949203491210938,,,,,,,,
10.069062232971191,0.0,1.8468040227890015,1.0124900341033936,7.209768295288086,0.0,7.209768295288086,7.209768295288086,59,2519,,,,,,,,,,,,,,,,,,,,,,,,
,,,,,,,,60,2519,14.841299011593772,0.0,1.9563428163528442,0.4512678384780884,12.433687210083008,0.0,12.433687210083008,12.433687210083008,,,,,,,,,,,,,,,,
,,,,,,,,60,2549,,,,,,,,,26.924373626708984,0.0,3.5244140625,2.566481828689575,20.833477020263672,0.0,20.833477020263672,20.833477020263672,,,,,,,,
11.619219779968262,0.0,2.141115427017212,1.2660695314407349,8.212035179138184,0.0,8.212035179138184,8.212035179138184,60,2561,,,,,,,,,,,,,,,,,,,,,,,,
,,,,,,,,61,2561,14.687239695163,0.0,1.955522060394287,0.5352354645729065,12.196480751037598,0.0,12.196480751037598,12.196480751037598,,,,,,,,,,,,,,,,
,,,,,,,,61,2599,,,,,,,,,16.578380584716797,0.0,3.669921875,2.666107416152954,10.242351531982422,0.0,10.242351531982422,10.242351531982422,,,,,,,,
11.022895812988281,0.0,2.165440559387207,1.2178772687911987,7.639578819274902,0.0,7.639578819274902,7.639578819274902,61,2603,,,,,,,,,,,,,,,,,,,,,,,,
,,,,,,,,62,2603,15.053534380027227,0.0,2.00944447517395,0.6023206114768982,12.441767692565918,0.0,12.441767692565918,12.441767692565918,,,,,,,,,,,,,,,,
9.73509693145752,0.0,1.711673378944397,0.7925742268562317,7.230849742889404,0.0,7.230849742889404,7.230849742889404,62,2645,,,,,,,,,,,,,,,,,,,,,,,,
,,,,,,,,63,2645,14.45519004407383,0.0,1.9035606384277344,0.41818156838417053,12.133447647094727,0.0,12.133447647094727,12.133447647094727,,,,,,,,,,,,,,,,
,,,,,,,,63,2649,,,,,,,,,11.829954147338867,0.0,1.9715728759765625,0.26063671708106995,9.597744941711426,0.0,9.597744941711426,9.597744941711426,,,,,,,,
9.114636421203613,0.0,1.6662813425064087,0.6195237636566162,6.828831672668457,0.0,6.828831672668457,6.828831672668457,63,2687,,,,,,,,,,,,,,,,,,,,,,,,
,,,,,,,,64,2687,14.248156422660465,0.0,1.8594080209732056,0.4252530038356781,11.963495254516602,0.0,11.963495254516602,11.963495254516602,,,,,,,,,,,,,,,,
,,,,,,,,64,2699,,,,,,,,,2.224339723587036,0.0,0.144256591796875,0.011559724807739258,2.068523406982422,0.0,2.068523406982422,2.068523406982422,,,,,,,,
10.701416015625,0.0,2.401045322418213,1.0354350805282593,7.2649359703063965,0.0,7.2649359703063965,7.2649359703063965,64,2729,,,,,,,,,,,,,,,,,,,,,,,,
,,,,,,,,65,2729,14.490261106264024,0.0,1.9234328269958496,0.3066728115081787,12.260154724121094,0.0,12.260154724121094,12.260154724121094,,,,,,,,,,,,,,,,
,,,,,,,,65,2749,,,,,,,,,7.2118682861328125,0.0,1.060455322265625,0.10473087430000305,6.046682357788086,0.0,6.046682357788086,6.046682357788086,,,,,,,,
10.330394744873047,0.0,2.11202073097229,0.9480190277099609,7.270355224609375,0.0,7.270355224609375,7.270355224609375,65,2771,,,,,,,,,,,,,,,,,,,,,,,,
,,,,,,,,66,2771,14.513896686690194,0.0,2.0393078327178955,0.30308350920677185,12.171504974365234,0.0,12.171504974365234,12.171504974365234,,,,,,,,,,,,,,,,
,,,,,,,,66,2799,,,,,,,,,8.478224754333496,0.0,1.735931396484375,0.5870816111564636,6.155211448669434,0.0,6.155211448669434,6.155211448669434,,,,,,,,
10.001187324523926,0.0,1.8033490180969238,1.0156805515289307,7.182158470153809,0.0,7.182158470153809,7.182158470153809,66,2813,,,,,,,,,,,,,,,,,,,,,,,,
,,,,,,,,67,2813,14.401156104746319,0.0,1.8746864795684814,0.361878365278244,12.164589881896973,0.0,12.164589881896973,12.164589881896973,,,,,,,,,,,,,,,,
,,,,,,,,67,2849,,,,,,,,,5.321114540100098,0.0,1.0428466796875,0.005473250523209572,4.272794723510742,0.0,4.272794723510742,4.272794723510742,,,,,,,,
11.041746139526367,0.0,2.2306008338928223,1.0242806673049927,7.786865234375,0.0,7.786865234375,7.786865234375,67,2855,,,,,,,,,,,,,,,,,,,,,,,,
,,,,,,,,68,2855,14.226722671872093,0.0,1.943092942237854,0.292685329914093,11.990946769714355,0.0,11.990946769714355,11.990946769714355,,,,,,,,,,,,,,,,
10.922710418701172,0.0,2.1755802631378174,1.1348170042037964,7.6123127937316895,0.0,7.6123127937316895,7.6123127937316895,68,2897,,,,,,,,,,,,,,,,,,,,,,,,
,,,,,,,,69,2897,14.20497777348473,0.0,1.7603120803833008,0.36845386028289795,12.076212882995605,0.0,12.076212882995605,12.076212882995605,,,,,,,,,,,,,,,,
,,,,,,,,69,2899,,,,,,,,,3.29081654548645,0.0,0.054351806640625,0.0006192171713337302,3.2358455657958984,0.0,3.2358455657958984,3.2358455657958984,,,,,,,,
9.87283706665039,0.0,1.914794921875,0.9586355090141296,6.999406814575195,0.0,6.999406814575195,6.999406814575195,69,2939,,,,,,,,,,,,,,,,,,,,,,,,
,,,,,,,,70,2939,14.083393667425428,0.0,1.8456975221633911,0.28057220578193665,11.957121849060059,0.0,11.957121849060059,11.957121849060059,,,,,,,,,,,,,,,,
,,,,,,,,70,2949,,,,,,,,,18.089359283447266,0.0,1.9045867919921875,0.49105480313301086,15.693717956542969,0.0,15.693717956542969,15.693717956542969,,,,,,,,
10.58360767364502,0.0,2.318561315536499,1.1288788318634033,7.136167049407959,0.0,7.136167049407959,7.136167049407959,70,2981,,,,,,,,,,,,,,,,,,,,,,,,
,,,,,,,,71,2981,14.097746132385163,0.0,1.8562021255493164,0.32618123292922974,11.915362358093262,0.0,11.915362358093262,11.915362358093262,,,,,,,,,,,,,,,,
,,,,,,,,71,2999,,,,,,,,,26.72977066040039,0.0,3.1083984375,0.006850838661193848,23.614521026611328,0.0,23.614521026611328,23.614521026611328,,,,,,,,
10.230469703674316,0.0,2.1671252250671387,0.9329200387001038,7.130424976348877,0.0,7.130424976348877,7.130424976348877,71,3023,,,,,,,,,,,,,,,,,,,,,,,,
,,,,,,,,72,3023,14.214557182221185,0.0,1.8300232887268066,0.3162131905555725,12.068320274353027,0.0,12.068320274353027,12.068320274353027,,,,,,,,,,,,,,,,
,,,,,,,,72,3049,,,,,,,,,26.361722946166992,0.0,3.7353515625,0.6933004260063171,21.93307113647461,0.0,21.93307113647461,21.93307113647461,,,,,,,,
9.779806137084961,0.0,1.9217517375946045,0.8881405591964722,6.969913959503174,0.0,6.969913959503174,6.969913959503174,72,3065,,,,,,,,,,,,,,,,,,,,,,,,
,,,,,,,,73,3065,14.242785927795229,0.0,1.8878999948501587,0.3695424497127533,11.985343933105469,0.0,11.985343933105469,11.985343933105469,,,,,,,,,,,,,,,,
,,,,,,,,73,3099,,,,,,,,,14.958867073059082,0.0,1.503387451171875,0.5351779460906982,12.92030143737793,0.0,12.92030143737793,12.92030143737793,,,,,,,,
9.50262451171875,0.0,1.842828631401062,0.7902623414993286,6.869533061981201,0.0,6.869533061981201,6.869533061981201,73,3107,,,,,,,,,,,,,,,,,,,,,,,,
,,,,,,,,74,3107,14.154926510084243,0.0,1.8347063064575195,0.322075754404068,11.998143196105957,0.0,11.998143196105957,11.998143196105957,,,,,,,,,,,,,,,,
,,,,,,,,74,3149,,,,,,,,,8.179817199707031,0.0,1.67578125,0.6734417080879211,5.830594062805176,0.0,5.830594062805176,5.830594062805176,,,,,,,,
11.007942199707031,0.0,2.056957721710205,1.1390725374221802,7.811911582946777,0.0,7.811911582946777,7.811911582946777,74,3149,,,,,,,,,,,,,,,,,,,,,,,,
,,,,,,,,75,3149,14.24526348000481,0.0,1.7857491970062256,0.37919193506240845,12.080324172973633,0.0,12.080324172973633,12.080324172973633,,,,,,,,,,,,,,,,
9.445881843566895,0.0,1.7629408836364746,0.9166509509086609,6.766290664672852,0.0,6.766290664672852,6.766290664672852,75,3191,,,,,,,,,,,,,,,,,,,,,,,,
,,,,,,,,76,3191,14.145897121656509,0.0,1.8768106698989868,0.37540656328201294,11.893681526184082,0.0,11.893681526184082,11.893681526184082,,,,,,,,,,,,,,,,
,,,,,,,,76,3199,,,,,,,,,24.456451416015625,0.0,3.7724609375,0.7382919788360596,19.945697784423828,0.0,19.945697784423828,19.945697784423828,,,,,,,,
9.410710334777832,0.0,1.7140295505523682,0.8133949041366577,6.883286476135254,0.0,6.883286476135254,6.883286476135254,76,3233,,,,,,,,,,,,,,,,,,,,,,,,
,,,,,,,,77,3233,14.01437467904318,0.0,1.8082120418548584,0.32662761211395264,11.879535675048828,0.0,11.879535675048828,11.879535675048828,,,,,,,,,,,,,,,,
,,,,,,,,77,3249,,,,,,,,,22.356201171875,0.0,1.66436767578125,0.3969108462333679,20.294921875,0.0,20.294921875,20.294921875,,,,,,,,
9.381671905517578,0.0,1.6115665435791016,0.8051450848579407,6.964960098266602,0.0,6.964960098266602,6.964960098266602,77,3275,,,,,,,,,,,,,,,,,,,,,,,,
,,,,,,,,78,3275,14.115655689012437,0.0,1.8679105043411255,0.3603472113609314,11.887397766113281,0.0,11.887397766113281,11.887397766113281,,,,,,,,,,,,,,,,
,,,,,,,,78,3299,,,,,,,,,24.100147247314453,0.0,3.736328125,0.00014597177505493164,20.363672256469727,0.0,20.363672256469727,20.363672256469727,,,,,,,,
9.706439971923828,0.0,1.7127149105072021,0.9226204752922058,7.071104526519775,0.0,7.071104526519775,7.071104526519775,78,3317,,,,,,,,,,,,,,,,,,,,,,,,
,,,,,,,,79,3317,13.971454502571197,0.0,1.79031503200531,0.24926993250846863,11.931868553161621,0.0,11.931868553161621,11.931868553161621,,,,,,,,,,,,,,,,
,,,,,,,,79,3349,,,,,,,,,24.72536849975586,0.0,3.29296875,0.0037721991539001465,21.428627014160156,0.0,21.428627014160156,21.428627014160156,,,,,,,,
9.846744537353516,0.0,1.7844445705413818,0.8984285593032837,7.163872241973877,0.0,7.163872241973877,7.163872241973877,79,3359,,,,,,,,,,,,,,,,,,,,,,,,
,,,,,,,,80,3359,13.991749859991527,0.0,1.7542600631713867,0.31307220458984375,11.924416542053223,0.0,11.924416542053223,11.924416542053223,,,,,,,,,,,,,,,,
,,,,,,,,80,3399,,,,,,,,,11.221274375915527,0.0,1.6421661376953125,0.033254604786634445,9.545853614807129,0.0,9.545853614807129,9.545853614807129,,,,,,,,
9.616222381591797,0.0,1.6960676908493042,0.8949013352394104,7.0252532958984375,0.0,7.0252532958984375,7.0252532958984375,80,3401,,,,,,,,,,,,,,,,,,,,,,,,
,,,,,,,,81,3401,14.08729696841467,0.0,1.785216212272644,0.3914361298084259,11.910645484924316,0.0,11.910645484924316,11.910645484924316,,,,,,,,,,,,,,,,
9.462111473083496,0.0,1.6632969379425049,0.8245146870613098,6.974300384521484,0.0,6.974300384521484,6.974300384521484,81,3443,,,,,,,,,,,,,,,,,,,,,,,,
,,,,,,,,82,3443,14.122839988697143,0.0,1.8611522912979126,0.3928503692150116,11.868837356567383,0.0,11.868837356567383,11.868837356567383,,,,,,,,,,,,,,,,
,,,,,,,,82,3449,,,,,,,,,8.877140045166016,0.0,1.9436187744140625,0.7673889398574829,6.166131973266602,0.0,6.166131973266602,6.166131973266602,,,,,,,,
9.142143249511719,0.0,1.5747565031051636,0.7768310308456421,6.790555477142334,0.0,6.790555477142334,6.790555477142334,82,3485,,,,,,,,,,,,,,,,,,,,,,,,
,,,,,,,,83,3485,13.954098810752233,0.0,1.8443819284439087,0.2966788113117218,11.81303882598877,0.0,11.81303882598877,11.81303882598877,,,,,,,,,,,,,,,,
,,,,,,,,83,3499,,,,,,,,,5.96843957901001,0.0,0.0976715087890625,0.006046821363270283,5.864721298217773,0.0,5.864721298217773,5.864721298217773,,,,,,,,
9.046703338623047,0.0,1.582817554473877,0.7044292092323303,6.759457111358643,0.0,6.759457111358643,6.759457111358643,83,3527,,,,,,,,,,,,,,,,,,,,,,,,
,,,,,,,,84,3527,14.127211787870952,0.0,1.9213658571243286,0.4059566259384155,11.799888610839844,0.0,11.799888610839844,11.799888610839844,,,,,,,,,,,,,,,,
,,,,,,,,84,3549,,,,,,,,,6.7379374504089355,0.0,1.648101806640625,0.2028527706861496,4.8869829177856445,0.0,4.8869829177856445,4.8869829177856445,,,,,,,,
9.087607383728027,0.0,1.6484037637710571,0.724614679813385,6.7145891189575195,0.0,6.7145891189575195,6.7145891189575195,84,3569,,,,,,,,,,,,,,,,,,,,,,,,
,,,,,,,,85,3569,14.073758820692698,0.0,1.7498068809509277,0.3281852602958679,11.995767593383789,0.0,11.995767593383789,11.995767593383789,,,,,,,,,,,,,,,,
,,,,,,,,85,3599,,,,,,,,,14.265711784362793,0.0,1.489654541015625,0.597823441028595,12.178234100341797,0.0,12.178234100341797,12.178234100341797,,,,,,,,
9.122505187988281,0.0,1.6423568725585938,0.6901243329048157,6.790024280548096,0.0,6.790024280548096,6.790024280548096,85,3611,,,,,,,,,,,,,,,,,,,,,,,,
,,,,,,,,86,3611,13.965738114856538,0.0,1.8237395286560059,0.27985191345214844,11.862147331237793,0.0,11.862147331237793,11.862147331237793,,,,,,,,,,,,,,,,
,,,,,,,,86,3649,,,,,,,,,17.815021514892578,0.0,1.8412017822265625,0.16267120838165283,15.811148643493652,0.0,15.811148643493652,15.811148643493652,,,,,,,,
9.09121322631836,0.0,1.664568543434143,0.7169041037559509,6.709740161895752,0.0,6.709740161895752,6.709740161895752,86,3653,,,,,,,,,,,,,,,,,,,,,,,,
,,,,,,,,87,3653,13.95888726484208,0.0,1.8281328678131104,0.2371230572462082,11.893632888793945,0.0,11.893632888793945,11.893632888793945,,,,,,,,,,,,,,,,
9.001785278320312,0.0,1.5573643445968628,0.7031660079956055,6.741254806518555,0.0,6.741254806518555,6.741254806518555,87,3695,,,,,,,,,,,,,,,,,,,,,,,,
,,,,,,,,88,3695,13.927969597634815,0.0,1.8218733072280884,0.27916425466537476,11.826932907104492,0.0,11.826932907104492,11.826932907104492,,,,,,,,,,,,,,,,
,,,,,,,,88,3699,,,,,,,,,24.350875854492188,0.0,3.396484375,0.012770533561706543,20.941621780395508,0.0,20.941621780395508,20.941621780395508,,,,,,,,
9.163934707641602,0.0,1.573473572731018,0.7722625136375427,6.818198204040527,0.0,6.818198204040527,6.818198204040527,88,3737,,,,,,,,,,,,,,,,,,,,,,,,
,,,,,,,,89,3737,14.072127496912366,0.0,1.9016863107681274,0.34097495675086975,11.82946491241455,0.0,11.82946491241455,11.82946491241455,,,,,,,,,,,,,,,,
,,,,,,,,89,3749,,,,,,,,,3.942445993423462,0.0,0.039306640625,0.0013220853870734572,3.9018173217773438,0.0,3.9018173217773438,3.9018173217773438,,,,,,,,
8.957867622375488,0.0,1.5250638723373413,0.7022703289985657,6.730533599853516,0.0,6.730533599853516,6.730533599853516,89,3779,,,,,,,,,,,,,,,,,,,,,,,,
,,,,,,,,90,3779,13.850140073469706,0.0,1.7880630493164062,0.2063620686531067,11.855714797973633,0.0,11.855714797973633,11.855714797973633,,,,,,,,,,,,,,,,
,,,,,,,,90,3799,,,,,,,,,14.212008476257324,0.0,1.652618408203125,0.13258831202983856,12.426801681518555,0.0,12.426801681518555,12.426801681518555,,,,,,,,
9.050683975219727,0.0,1.5597752332687378,0.6995246410369873,6.791384220123291,0.0,6.791384220123291,6.791384220123291,90,3821,,,,,,,,,,,,,,,,,,,,,,,,
,,,,,,,,91,3821,14.044089067549933,0.0,1.7715181112289429,0.34519243240356445,11.92737865447998,0.0,11.92737865447998,11.92737865447998,,,,,,,,,,,,,,,,
,,,,,,,,91,3849,,,,,,,,,18.847305297851562,0.0,3.20703125,0.0035225749015808105,15.636751174926758,0.0,15.636751174926758,15.636751174926758,,,,,,,,
9.081878662109375,0.0,1.5353552103042603,0.6936547756195068,6.852869510650635,0.0,6.852869510650635,6.852869510650635,91,3863,,,,,,,,,,,,,,,,,,,,,,,,
,,,,,,,,92,3863,13.975172760940733,0.0,1.7915278673171997,0.33079156279563904,11.852853775024414,0.0,11.852853775024414,11.852853775024414,,,,,,,,,,,,,,,,
,,,,,,,,92,3899,,,,,,,,,15.303217887878418,0.0,1.509857177734375,0.6352641582489014,13.158096313476562,0.0,13.158096313476562,13.158096313476562,,,,,,,,
9.091121673583984,0.0,1.5460280179977417,0.6988804936408997,6.846212863922119,0.0,6.846212863922119,6.846212863922119,92,3905,,,,,,,,,,,,,,,,,,,,,,,,
,,,,,,,,93,3905,14.037776084173293,0.0,1.795752763748169,0.3565901517868042,11.885432243347168,0.0,11.885432243347168,11.885432243347168,,,,,,,,,,,,,,,,
9.254911422729492,0.0,1.5939717292785645,0.7414945363998413,6.919445037841797,0.0,6.919445037841797,6.919445037841797,93,3947,,,,,,,,,,,,,,,,,,,,,,,,
,,,,,,,,94,3947,14.154608496597834,0.0,1.84743332862854,0.42512157559394836,11.882054328918457,0.0,11.882054328918457,11.882054328918457,,,,,,,,,,,,,,,,
,,,,,,,,94,3949,,,,,,,,,10.135425567626953,0.0,1.7775039672851562,0.014675267972052097,8.343246459960938,0.0,8.343246459960938,8.343246459960938,,,,,,,,
9.032645225524902,0.0,1.5327290296554565,0.7274391055107117,6.772477149963379,0.0,6.772477149963379,6.772477149963379,94,3989,,,,,,,,,,,,,,,,,,,,,,,,
,,,,,,,,95,3989,13.912072141965231,0.0,1.8018018007278442,0.27204400300979614,11.838228225708008,0.0,11.838228225708008,11.838228225708008,,,,,,,,,,,,,,,,
,,,,,,,,95,3999,,,,,,,,,12.783185958862305,0.0,1.816009521484375,0.33561551570892334,10.631561279296875,0.0,10.631561279296875,10.631561279296875,,,,,,,,
9.281196594238281,0.0,1.5535142421722412,0.7276789546012878,7.000003337860107,0.0,7.000003337860107,7.000003337860107,95,4031,,,,,,,,,,,,,,,,,,,,,,,,
,,,,,,,,96,4031,13.99584413426263,0.0,1.8004285097122192,0.28694337606430054,11.908472061157227,0.0,11.908472061157227,11.908472061157227,,,,,,,,,,,,,,,,
,,,,,,,,96,4049,,,,,,,,,13.418286323547363,0.0,1.65631103515625,0.7725465297698975,10.989428520202637,0.0,10.989428520202637,10.989428520202637,,,,,,,,
9.253673553466797,0.0,1.5704071521759033,0.7424392700195312,6.940826892852783,0.0,6.940826892852783,6.940826892852783,96,4073,,,,,,,,,,,,,,,,,,,,,,,,
,,,,,,,,97,4073,13.971922641708737,0.0,1.7824256420135498,0.2819121479988098,11.907583236694336,0.0,11.907583236694336,11.907583236694336,,,,,,,,,,,,,,,,
,,,,,,,,97,4099,,,,,,,,,18.928728103637695,0.0,3.27734375,0.7017667889595032,14.949618339538574,0.0,14.949618339538574,14.949618339538574,,,,,,,,
9.147857666015625,0.0,1.5382848978042603,0.7047445774078369,6.9048285484313965,0.0,6.9048285484313965,6.9048285484313965,97,4115,,,,,,,,,,,,,,,,,,,,,,,,
,,,,,,,,98,4115,13.889577666918436,0.0,1.7685457468032837,0.21816834807395935,11.902862548828125,0.0,11.902862548828125,11.902862548828125,,,,,,,,,,,,,,,,
,,,,,,,,98,4149,,,,,,,,,27.72218132019043,0.0,3.2841796875,0.018023252487182617,24.419979095458984,0.0,24.419979095458984,24.419979095458984,,,,,,,,
9.107880592346191,0.0,1.5418574810028076,0.721957266330719,6.844066143035889,0.0,6.844066143035889,6.844066143035889,98,4157,,,,,,,,,,,,,,,,,,,,,,,,
,,,,,,,,99,4157,13.972185097989582,0.0,1.8196465969085693,0.27156051993370056,11.88097858428955,0.0,11.88097858428955,11.88097858428955,,,,,,,,,,,,,,,,
,,,,,,,,99,4199,,,,,,,,,12.121914863586426,0.0,1.7715301513671875,0.6955288052558899,9.654855728149414,0.0,9.654855728149414,9.654855728149414,,,,,,,,
8.972558975219727,0.0,1.5345202684402466,0.6903695464134216,6.747668743133545,0.0,6.747668743133545,6.747668743133545,99,4199,,,,,,,,,,,,,,,,,,,,,,,,
,,,,,,,,100,4199,13.96277441864922,0.0,1.7950886487960815,0.26091474294662476,11.906770706176758,0.0,11.906770706176758,11.906770706176758,,,,,,,,,,,,,,,,
,,,,,,,,100,4200,,,,,,,,,,,,,,,,,9.494794845581055,0.0,1.5730334520339966,0.72981858253479,7.191943168640137,0.0,7.191943168640137,7.191943168640137
,,,,,,,,100,4200,,,,,,,,,,,,,,,,,9.51898193359375,0.0,1.5655412673950195,0.7436050772666931,7.209836006164551,0.0,7.209836006164551,7.209836006164551
,,,,,,,,100,4200,,,,,,,,,,,,,,,,,9.590094566345215,0.0,1.705137014389038,0.7339516878128052,7.151004791259766,0.0,7.151004791259766,7.151004791259766
